[
    {
        "title": "Alternating Dumbbell Bent Over Rows",
        "src": "https://i.vimeocdn.com/video/909692706_640x360.jpg?r=pad",
        "srcset": "https://i.vimeocdn.com/video/909692706_100x75.jpg?r=pad 100w, https://i.vimeocdn.com/video/909692706_200x150.jpg?r=pad 200w, https://i.vimeocdn.com/video/909692706_295x166.jpg?r=pad 295w, https://i.vimeocdn.com/video/909692706_640x360.jpg?r=pad 640w, https://i.vimeocdn.com/video/909692706_1280x720.jpg?r=pad 1280w, https://i.vimeocdn.com/video/909692706_1920x1080.jpg?r=pad 1920w, https://i.vimeocdn.com/video/909692706_1920x1080.jpg?r=pad 1920w, https://i.vimeocdn.com/video/909692706_1920x1080.jpg?r=pad 1920w, https://i.vimeocdn.com/video/909692706_1920x1080.jpg?r=pad 1920w, https://i.vimeocdn.com/video/909692706_1920x1080.jpg?r=pad 1920w",
        "video-id": ""
    },
    {
        "title": "Alternating Dumbbell Shoulder Press",
        "src": "https://i.vimeocdn.com/video/909692764_640x360.jpg?r=pad",
        "srcset": "https://i.vimeocdn.com/video/909692764_100x75.jpg?r=pad 100w, https://i.vimeocdn.com/video/909692764_200x150.jpg?r=pad 200w, https://i.vimeocdn.com/video/909692764_295x166.jpg?r=pad 295w, https://i.vimeocdn.com/video/909692764_640x360.jpg?r=pad 640w, https://i.vimeocdn.com/video/909692764_1280x720.jpg?r=pad 1280w, https://i.vimeocdn.com/video/909692764_1920x1080.jpg?r=pad 1920w, https://i.vimeocdn.com/video/909692764_1920x1080.jpg?r=pad 1920w, https://i.vimeocdn.com/video/909692764_1920x1080.jpg?r=pad 1920w, https://i.vimeocdn.com/video/909692764_1920x1080.jpg?r=pad 1920w, https://i.vimeocdn.com/video/909692764_1920x1080.jpg?r=pad 1920w",
        "video-id": ""
    },
    {
        "title": "Alternating Overhead Dumbbell Lunge",
        "src": "https://i.vimeocdn.com/video/909692796_640x360.jpg?r=pad",
        "srcset": "https://i.vimeocdn.com/video/909692796_100x75.jpg?r=pad 100w, https://i.vimeocdn.com/video/909692796_200x150.jpg?r=pad 200w, https://i.vimeocdn.com/video/909692796_295x166.jpg?r=pad 295w, https://i.vimeocdn.com/video/909692796_640x360.jpg?r=pad 640w, https://i.vimeocdn.com/video/909692796_1280x720.jpg?r=pad 1280w, https://i.vimeocdn.com/video/909692796_1920x1080.jpg?r=pad 1920w, https://i.vimeocdn.com/video/909692796_1920x1080.jpg?r=pad 1920w, https://i.vimeocdn.com/video/909692796_1920x1080.jpg?r=pad 1920w, https://i.vimeocdn.com/video/909692796_1920x1080.jpg?r=pad 1920w, https://i.vimeocdn.com/video/909692796_1920x1080.jpg?r=pad 1920w",
        "video-id": ""
    },
    {
        "title": "Alternating Reverse Dumbbell Lunge",
        "src": "https://i.vimeocdn.com/video/909692939_640x360.jpg?r=pad",
        "srcset": "https://i.vimeocdn.com/video/909692939_100x75.jpg?r=pad 100w, https://i.vimeocdn.com/video/909692939_200x150.jpg?r=pad 200w, https://i.vimeocdn.com/video/909692939_295x166.jpg?r=pad 295w, https://i.vimeocdn.com/video/909692939_640x360.jpg?r=pad 640w, https://i.vimeocdn.com/video/909692939_1280x720.jpg?r=pad 1280w, https://i.vimeocdn.com/video/909692939_1920x1080.jpg?r=pad 1920w, https://i.vimeocdn.com/video/909692939_1920x1080.jpg?r=pad 1920w, https://i.vimeocdn.com/video/909692939_1920x1080.jpg?r=pad 1920w, https://i.vimeocdn.com/video/909692939_1920x1080.jpg?r=pad 1920w, https://i.vimeocdn.com/video/909692939_1920x1080.jpg?r=pad 1920w",
        "video-id": ""
    },
    {
        "title": "Alternating Single Leg Planks",
        "src": "https://i.vimeocdn.com/video/909693064_640x360.jpg?r=pad",
        "srcset": "https://i.vimeocdn.com/video/909693064_100x75.jpg?r=pad 100w, https://i.vimeocdn.com/video/909693064_200x150.jpg?r=pad 200w, https://i.vimeocdn.com/video/909693064_295x166.jpg?r=pad 295w, https://i.vimeocdn.com/video/909693064_640x360.jpg?r=pad 640w, https://i.vimeocdn.com/video/909693064_1280x720.jpg?r=pad 1280w, https://i.vimeocdn.com/video/909693064_1920x1080.jpg?r=pad 1920w, https://i.vimeocdn.com/video/909693064_1920x1080.jpg?r=pad 1920w, https://i.vimeocdn.com/video/909693064_1920x1080.jpg?r=pad 1920w, https://i.vimeocdn.com/video/909693064_1920x1080.jpg?r=pad 1920w, https://i.vimeocdn.com/video/909693064_1920x1080.jpg?r=pad 1920w",
        "video-id": ""
    },
    {
        "title": "Alternating Weighted Step Dumbbell Lunge",
        "src": "https://i.vimeocdn.com/video/909693183_640x360.jpg?r=pad",
        "srcset": "https://i.vimeocdn.com/video/909693183_100x75.jpg?r=pad 100w, https://i.vimeocdn.com/video/909693183_200x150.jpg?r=pad 200w, https://i.vimeocdn.com/video/909693183_295x166.jpg?r=pad 295w, https://i.vimeocdn.com/video/909693183_640x360.jpg?r=pad 640w, https://i.vimeocdn.com/video/909693183_1280x720.jpg?r=pad 1280w, https://i.vimeocdn.com/video/909693183_1920x1080.jpg?r=pad 1920w, https://i.vimeocdn.com/video/909693183_1920x1080.jpg?r=pad 1920w, https://i.vimeocdn.com/video/909693183_1920x1080.jpg?r=pad 1920w, https://i.vimeocdn.com/video/909693183_1920x1080.jpg?r=pad 1920w, https://i.vimeocdn.com/video/909693183_1920x1080.jpg?r=pad 1920w",
        "video-id": ""
    },
    {
        "title": "Banded 90 Degree Squat Hold",
        "src": "https://i.vimeocdn.com/video/909693587_640x360.jpg?r=pad",
        "srcset": "https://i.vimeocdn.com/video/909693587_100x75.jpg?r=pad 100w, https://i.vimeocdn.com/video/909693587_200x150.jpg?r=pad 200w, https://i.vimeocdn.com/video/909693587_295x166.jpg?r=pad 295w, https://i.vimeocdn.com/video/909693587_640x360.jpg?r=pad 640w, https://i.vimeocdn.com/video/909693587_1280x720.jpg?r=pad 1280w, https://i.vimeocdn.com/video/909693587_1920x1080.jpg?r=pad 1920w, https://i.vimeocdn.com/video/909693587_1920x1080.jpg?r=pad 1920w, https://i.vimeocdn.com/video/909693587_1920x1080.jpg?r=pad 1920w, https://i.vimeocdn.com/video/909693587_1920x1080.jpg?r=pad 1920w, https://i.vimeocdn.com/video/909693587_1920x1080.jpg?r=pad 1920w",
        "video-id": ""
    },
    {
        "title": "Banded Air Squats",
        "src": "https://i.vimeocdn.com/video/909693566_640x360.jpg?r=pad",
        "srcset": "https://i.vimeocdn.com/video/909693566_100x75.jpg?r=pad 100w, https://i.vimeocdn.com/video/909693566_200x150.jpg?r=pad 200w, https://i.vimeocdn.com/video/909693566_295x166.jpg?r=pad 295w, https://i.vimeocdn.com/video/909693566_640x360.jpg?r=pad 640w, https://i.vimeocdn.com/video/909693566_1280x720.jpg?r=pad 1280w, https://i.vimeocdn.com/video/909693566_1920x1080.jpg?r=pad 1920w, https://i.vimeocdn.com/video/909693566_1920x1080.jpg?r=pad 1920w, https://i.vimeocdn.com/video/909693566_1920x1080.jpg?r=pad 1920w, https://i.vimeocdn.com/video/909693566_1920x1080.jpg?r=pad 1920w, https://i.vimeocdn.com/video/909693566_1920x1080.jpg?r=pad 1920w",
        "video-id": ""
    },
    {
        "title": "Banded Backward Prisoner Walks",
        "src": "https://i.vimeocdn.com/video/909693634_640x360.jpg?r=pad",
        "srcset": "https://i.vimeocdn.com/video/909693634_100x75.jpg?r=pad 100w, https://i.vimeocdn.com/video/909693634_200x150.jpg?r=pad 200w, https://i.vimeocdn.com/video/909693634_295x166.jpg?r=pad 295w, https://i.vimeocdn.com/video/909693634_640x360.jpg?r=pad 640w, https://i.vimeocdn.com/video/909693634_1280x720.jpg?r=pad 1280w, https://i.vimeocdn.com/video/909693634_1920x1080.jpg?r=pad 1920w, https://i.vimeocdn.com/video/909693634_1920x1080.jpg?r=pad 1920w, https://i.vimeocdn.com/video/909693634_1920x1080.jpg?r=pad 1920w, https://i.vimeocdn.com/video/909693634_1920x1080.jpg?r=pad 1920w, https://i.vimeocdn.com/video/909693634_1920x1080.jpg?r=pad 1920w",
        "video-id": ""
    },
    {
        "title": "Banded Backward Walks",
        "src": "https://i.vimeocdn.com/video/909693832_640x360.jpg?r=pad",
        "srcset": "https://i.vimeocdn.com/video/909693832_100x75.jpg?r=pad 100w, https://i.vimeocdn.com/video/909693832_200x150.jpg?r=pad 200w, https://i.vimeocdn.com/video/909693832_295x166.jpg?r=pad 295w, https://i.vimeocdn.com/video/909693832_640x360.jpg?r=pad 640w, https://i.vimeocdn.com/video/909693832_1280x720.jpg?r=pad 1280w, https://i.vimeocdn.com/video/909693832_1920x1080.jpg?r=pad 1920w, https://i.vimeocdn.com/video/909693832_1920x1080.jpg?r=pad 1920w, https://i.vimeocdn.com/video/909693832_1920x1080.jpg?r=pad 1920w, https://i.vimeocdn.com/video/909693832_1920x1080.jpg?r=pad 1920w, https://i.vimeocdn.com/video/909693832_1920x1080.jpg?r=pad 1920w",
        "video-id": ""
    },
    {
        "title": "Banded Bent Knee Donkey Kicks",
        "src": "https://i.vimeocdn.com/video/909693701_640x360.jpg?r=pad",
        "srcset": "https://i.vimeocdn.com/video/909693701_100x75.jpg?r=pad 100w, https://i.vimeocdn.com/video/909693701_200x150.jpg?r=pad 200w, https://i.vimeocdn.com/video/909693701_295x166.jpg?r=pad 295w, https://i.vimeocdn.com/video/909693701_640x360.jpg?r=pad 640w, https://i.vimeocdn.com/video/909693701_1280x720.jpg?r=pad 1280w, https://i.vimeocdn.com/video/909693701_1920x1080.jpg?r=pad 1920w, https://i.vimeocdn.com/video/909693701_1920x1080.jpg?r=pad 1920w, https://i.vimeocdn.com/video/909693701_1920x1080.jpg?r=pad 1920w, https://i.vimeocdn.com/video/909693701_1920x1080.jpg?r=pad 1920w, https://i.vimeocdn.com/video/909693701_1920x1080.jpg?r=pad 1920w",
        "video-id": ""
    },
    {
        "title": "Banded Biceps Curls",
        "src": "https://i.vimeocdn.com/video/909693657_640x360.jpg?r=pad",
        "srcset": "https://i.vimeocdn.com/video/909693657_100x75.jpg?r=pad 100w, https://i.vimeocdn.com/video/909693657_200x150.jpg?r=pad 200w, https://i.vimeocdn.com/video/909693657_295x166.jpg?r=pad 295w, https://i.vimeocdn.com/video/909693657_640x360.jpg?r=pad 640w, https://i.vimeocdn.com/video/909693657_1280x720.jpg?r=pad 1280w, https://i.vimeocdn.com/video/909693657_1920x1080.jpg?r=pad 1920w, https://i.vimeocdn.com/video/909693657_1920x1080.jpg?r=pad 1920w, https://i.vimeocdn.com/video/909693657_1920x1080.jpg?r=pad 1920w, https://i.vimeocdn.com/video/909693657_1920x1080.jpg?r=pad 1920w, https://i.vimeocdn.com/video/909693657_1920x1080.jpg?r=pad 1920w",
        "video-id": ""
    },
    {
        "title": "Banded Deadlift",
        "src": "https://i.vimeocdn.com/video/909693842_640x360.jpg?r=pad",
        "srcset": "https://i.vimeocdn.com/video/909693842_100x75.jpg?r=pad 100w, https://i.vimeocdn.com/video/909693842_200x150.jpg?r=pad 200w, https://i.vimeocdn.com/video/909693842_295x166.jpg?r=pad 295w, https://i.vimeocdn.com/video/909693842_640x360.jpg?r=pad 640w, https://i.vimeocdn.com/video/909693842_1280x720.jpg?r=pad 1280w, https://i.vimeocdn.com/video/909693842_1920x1080.jpg?r=pad 1920w, https://i.vimeocdn.com/video/909693842_1920x1080.jpg?r=pad 1920w, https://i.vimeocdn.com/video/909693842_1920x1080.jpg?r=pad 1920w, https://i.vimeocdn.com/video/909693842_1920x1080.jpg?r=pad 1920w, https://i.vimeocdn.com/video/909693842_1920x1080.jpg?r=pad 1920w",
        "video-id": ""
    },
    {
        "title": "Banded Dumbbell Hip Thrusts",
        "src": "https://i.vimeocdn.com/video/909693750_640x360.jpg?r=pad",
        "srcset": "https://i.vimeocdn.com/video/909693750_100x75.jpg?r=pad 100w, https://i.vimeocdn.com/video/909693750_200x150.jpg?r=pad 200w, https://i.vimeocdn.com/video/909693750_295x166.jpg?r=pad 295w, https://i.vimeocdn.com/video/909693750_640x360.jpg?r=pad 640w, https://i.vimeocdn.com/video/909693750_1280x720.jpg?r=pad 1280w, https://i.vimeocdn.com/video/909693750_1920x1080.jpg?r=pad 1920w, https://i.vimeocdn.com/video/909693750_1920x1080.jpg?r=pad 1920w, https://i.vimeocdn.com/video/909693750_1920x1080.jpg?r=pad 1920w, https://i.vimeocdn.com/video/909693750_1920x1080.jpg?r=pad 1920w, https://i.vimeocdn.com/video/909693750_1920x1080.jpg?r=pad 1920w",
        "video-id": ""
    },
    {
        "title": "Banded Forward Prisoner Walks",
        "src": "https://i.vimeocdn.com/video/909693721_640x360.jpg?r=pad",
        "srcset": "https://i.vimeocdn.com/video/909693721_100x75.jpg?r=pad 100w, https://i.vimeocdn.com/video/909693721_200x150.jpg?r=pad 200w, https://i.vimeocdn.com/video/909693721_295x166.jpg?r=pad 295w, https://i.vimeocdn.com/video/909693721_640x360.jpg?r=pad 640w, https://i.vimeocdn.com/video/909693721_1280x720.jpg?r=pad 1280w, https://i.vimeocdn.com/video/909693721_1920x1080.jpg?r=pad 1920w, https://i.vimeocdn.com/video/909693721_1920x1080.jpg?r=pad 1920w, https://i.vimeocdn.com/video/909693721_1920x1080.jpg?r=pad 1920w, https://i.vimeocdn.com/video/909693721_1920x1080.jpg?r=pad 1920w, https://i.vimeocdn.com/video/909693721_1920x1080.jpg?r=pad 1920w",
        "video-id": ""
    },
    {
        "title": "Banded Forward Walks",
        "src": "https://i.vimeocdn.com/video/909693834_640x360.jpg?r=pad",
        "srcset": "https://i.vimeocdn.com/video/909693834_100x75.jpg?r=pad 100w, https://i.vimeocdn.com/video/909693834_200x150.jpg?r=pad 200w, https://i.vimeocdn.com/video/909693834_295x166.jpg?r=pad 295w, https://i.vimeocdn.com/video/909693834_640x360.jpg?r=pad 640w, https://i.vimeocdn.com/video/909693834_1280x720.jpg?r=pad 1280w, https://i.vimeocdn.com/video/909693834_1920x1080.jpg?r=pad 1920w, https://i.vimeocdn.com/video/909693834_1920x1080.jpg?r=pad 1920w, https://i.vimeocdn.com/video/909693834_1920x1080.jpg?r=pad 1920w, https://i.vimeocdn.com/video/909693834_1920x1080.jpg?r=pad 1920w, https://i.vimeocdn.com/video/909693834_1920x1080.jpg?r=pad 1920w",
        "video-id": ""
    },
    {
        "title": "Banded Hammer Curls",
        "src": "https://i.vimeocdn.com/video/909693777_640x360.jpg?r=pad",
        "srcset": "https://i.vimeocdn.com/video/909693777_100x75.jpg?r=pad 100w, https://i.vimeocdn.com/video/909693777_200x150.jpg?r=pad 200w, https://i.vimeocdn.com/video/909693777_295x166.jpg?r=pad 295w, https://i.vimeocdn.com/video/909693777_640x360.jpg?r=pad 640w, https://i.vimeocdn.com/video/909693777_1280x720.jpg?r=pad 1280w, https://i.vimeocdn.com/video/909693777_1920x1080.jpg?r=pad 1920w, https://i.vimeocdn.com/video/909693777_1920x1080.jpg?r=pad 1920w, https://i.vimeocdn.com/video/909693777_1920x1080.jpg?r=pad 1920w, https://i.vimeocdn.com/video/909693777_1920x1080.jpg?r=pad 1920w, https://i.vimeocdn.com/video/909693777_1920x1080.jpg?r=pad 1920w",
        "video-id": ""
    },
    {
        "title": "Banded Hip Bridge Abductions",
        "src": "https://i.vimeocdn.com/video/909693859_640x360.jpg?r=pad",
        "srcset": "https://i.vimeocdn.com/video/909693859_100x75.jpg?r=pad 100w, https://i.vimeocdn.com/video/909693859_200x150.jpg?r=pad 200w, https://i.vimeocdn.com/video/909693859_295x166.jpg?r=pad 295w, https://i.vimeocdn.com/video/909693859_640x360.jpg?r=pad 640w, https://i.vimeocdn.com/video/909693859_1280x720.jpg?r=pad 1280w, https://i.vimeocdn.com/video/909693859_1920x1080.jpg?r=pad 1920w, https://i.vimeocdn.com/video/909693859_1920x1080.jpg?r=pad 1920w, https://i.vimeocdn.com/video/909693859_1920x1080.jpg?r=pad 1920w, https://i.vimeocdn.com/video/909693859_1920x1080.jpg?r=pad 1920w, https://i.vimeocdn.com/video/909693859_1920x1080.jpg?r=pad 1920w",
        "video-id": ""
    },
    {
        "title": "Banded Hip Bridge Hold",
        "src": "https://i.vimeocdn.com/video/909693938_640x360.jpg?r=pad",
        "srcset": "https://i.vimeocdn.com/video/909693938_100x75.jpg?r=pad 100w, https://i.vimeocdn.com/video/909693938_200x150.jpg?r=pad 200w, https://i.vimeocdn.com/video/909693938_295x166.jpg?r=pad 295w, https://i.vimeocdn.com/video/909693938_640x360.jpg?r=pad 640w, https://i.vimeocdn.com/video/909693938_1280x720.jpg?r=pad 1280w, https://i.vimeocdn.com/video/909693938_1920x1080.jpg?r=pad 1920w, https://i.vimeocdn.com/video/909693938_1920x1080.jpg?r=pad 1920w, https://i.vimeocdn.com/video/909693938_1920x1080.jpg?r=pad 1920w, https://i.vimeocdn.com/video/909693938_1920x1080.jpg?r=pad 1920w, https://i.vimeocdn.com/video/909693938_1920x1080.jpg?r=pad 1920w",
        "video-id": ""
    },
    {
        "title": "Banded Hip Bridges",
        "src": "https://i.vimeocdn.com/video/909694464_640x360.jpg?r=pad",
        "srcset": "https://i.vimeocdn.com/video/909694464_100x75.jpg?r=pad 100w, https://i.vimeocdn.com/video/909694464_200x150.jpg?r=pad 200w, https://i.vimeocdn.com/video/909694464_295x166.jpg?r=pad 295w, https://i.vimeocdn.com/video/909694464_640x360.jpg?r=pad 640w, https://i.vimeocdn.com/video/909694464_1280x720.jpg?r=pad 1280w, https://i.vimeocdn.com/video/909694464_1920x1080.jpg?r=pad 1920w, https://i.vimeocdn.com/video/909694464_1920x1080.jpg?r=pad 1920w, https://i.vimeocdn.com/video/909694464_1920x1080.jpg?r=pad 1920w, https://i.vimeocdn.com/video/909694464_1920x1080.jpg?r=pad 1920w, https://i.vimeocdn.com/video/909694464_1920x1080.jpg?r=pad 1920w",
        "video-id": ""
    },
    {
        "title": "Banded Hip Bridge Wide Stance",
        "src": "https://i.vimeocdn.com/video/909694407_640x360.jpg?r=pad",
        "srcset": "https://i.vimeocdn.com/video/909694407_100x75.jpg?r=pad 100w, https://i.vimeocdn.com/video/909694407_200x150.jpg?r=pad 200w, https://i.vimeocdn.com/video/909694407_295x166.jpg?r=pad 295w, https://i.vimeocdn.com/video/909694407_640x360.jpg?r=pad 640w, https://i.vimeocdn.com/video/909694407_1280x720.jpg?r=pad 1280w, https://i.vimeocdn.com/video/909694407_1920x1080.jpg?r=pad 1920w, https://i.vimeocdn.com/video/909694407_1920x1080.jpg?r=pad 1920w, https://i.vimeocdn.com/video/909694407_1920x1080.jpg?r=pad 1920w, https://i.vimeocdn.com/video/909694407_1920x1080.jpg?r=pad 1920w, https://i.vimeocdn.com/video/909694407_1920x1080.jpg?r=pad 1920w",
        "video-id": ""
    },
    {
        "title": "Banded Hip Thrust Abductions",
        "src": "https://i.vimeocdn.com/video/928076821_640x360.jpg?r=pad",
        "srcset": "https://i.vimeocdn.com/video/928076821_100x75.jpg?r=pad 100w, https://i.vimeocdn.com/video/928076821_200x150.jpg?r=pad 200w, https://i.vimeocdn.com/video/928076821_295x166.jpg?r=pad 295w, https://i.vimeocdn.com/video/928076821_640x360.jpg?r=pad 640w, https://i.vimeocdn.com/video/928076821_1280x720.jpg?r=pad 1280w, https://i.vimeocdn.com/video/928076821_1920x1080.jpg?r=pad 1920w, https://i.vimeocdn.com/video/928076821_1920x1080.jpg?r=pad 1920w, https://i.vimeocdn.com/video/928076821_1920x1080.jpg?r=pad 1920w, https://i.vimeocdn.com/video/928076821_1920x1080.jpg?r=pad 1920w, https://i.vimeocdn.com/video/928076821_1920x1080.jpg?r=pad 1920w",
        "video-id": ""
    },
    {
        "title": "Banded Hip Thrusts",
        "src": "https://i.vimeocdn.com/video/909694505_640x360.jpg?r=pad",
        "srcset": "https://i.vimeocdn.com/video/909694505_100x75.jpg?r=pad 100w, https://i.vimeocdn.com/video/909694505_200x150.jpg?r=pad 200w, https://i.vimeocdn.com/video/909694505_295x166.jpg?r=pad 295w, https://i.vimeocdn.com/video/909694505_640x360.jpg?r=pad 640w, https://i.vimeocdn.com/video/909694505_1280x720.jpg?r=pad 1280w, https://i.vimeocdn.com/video/909694505_1920x1080.jpg?r=pad 1920w, https://i.vimeocdn.com/video/909694505_1920x1080.jpg?r=pad 1920w, https://i.vimeocdn.com/video/909694505_1920x1080.jpg?r=pad 1920w, https://i.vimeocdn.com/video/909694505_1920x1080.jpg?r=pad 1920w, https://i.vimeocdn.com/video/909694505_1920x1080.jpg?r=pad 1920w",
        "video-id": ""
    },
    {
        "title": "Banded In + Out Jump Squats",
        "src": "https://i.vimeocdn.com/video/909694526_640x360.jpg?r=pad",
        "srcset": "https://i.vimeocdn.com/video/909694526_100x75.jpg?r=pad 100w, https://i.vimeocdn.com/video/909694526_200x150.jpg?r=pad 200w, https://i.vimeocdn.com/video/909694526_295x166.jpg?r=pad 295w, https://i.vimeocdn.com/video/909694526_640x360.jpg?r=pad 640w, https://i.vimeocdn.com/video/909694526_1280x720.jpg?r=pad 1280w, https://i.vimeocdn.com/video/909694526_1920x1080.jpg?r=pad 1920w, https://i.vimeocdn.com/video/909694526_1920x1080.jpg?r=pad 1920w, https://i.vimeocdn.com/video/909694526_1920x1080.jpg?r=pad 1920w, https://i.vimeocdn.com/video/909694526_1920x1080.jpg?r=pad 1920w, https://i.vimeocdn.com/video/909694526_1920x1080.jpg?r=pad 1920w",
        "video-id": ""
    }
]